produit;forme;prix_detail;rendement;taille_cup;prix_cup;categorie;annee;forme_encoded;categorie_encoded
Watermelon;Fresh;0.3334;0.52;0.3306933932773163;0.212;fruit;2013;0;1
Turnip greens;Frozen;1.473;0.776027162890769;0.3527396194958041;0.6696;legume;2013;2;0
Turnip greens;Fresh;2.4717;0.75;0.3196702801680725;1.0535;legume;2013;0;0
Turnip greens;Canned;0.9653;0.65;0.3527396194958041;0.5238;legume;2013;1;0
Tomatoes;Canned;0.9248;1.0;0.54013254235295;0.4995;legume;2013;1;0
Potatoes;Frozen;1.1767;0.7760271628907691;0.3417165063865602;0.5182;legume;2013;2;0
Pumpkin;Canned;1.3523;1.0;0.54013254235295;0.7304;legume;2013;1;0
Mustard greens;Frozen;1.4559;0.7478079933311047;0.3306933932773163;0.6438;legume;2013;2;0
Navy beans;Canned;0.9704;0.65;0.3858089588235358;0.576;legume;2013;1;0
Navy beans;Dried;1.5058;2.398629412571468;0.3858089588235358;0.2422;legume;2013;4;0
Nectarines;Fresh;1.7611;0.91;0.3196702801680725;0.6187;fruit;2013;0;1
Okra;Fresh;3.2136;0.7694736842105263;0.3527396194958041;1.4731;legume;2013;0;0
Okra;Frozen;1.5629;0.8994860297143005;0.3747858457142918;0.6512;legume;2013;2;0
Olives;Canned;4.1868;1.0;0.2976240539495847;1.2461;legume;2013;1;0
Asparagus;Canned;2.5803;0.65;0.3968320719327796;1.5753;legume;2013;1;0
Asparagus;Fresh;3.2135;0.4938354672941257;0.3968320719327796;2.5823;legume;2013;0;0
Asparagus;Frozen;5.8573;1.033527085122706;0.3968320719327796;2.249;legume;2013;2;0
Acorn squash;Fresh;1.1722;0.4585537918871252;0.451947637478999;1.1554;legume;2013;0;0
Apples;Canned;1.0778;1.0;0.54013254235295;0.5822;fruit;2013;1;1
Apples;Fresh;1.5675;0.9;0.2425084884033653;0.4224;fruit;2013;0;1
Apples;Frozen;0.5379;1.0;8.0;0.2689;fruit;2013;2;1
Apples;Juice;0.7273;1.0;8.0;0.3636;fruit;2013;3;1
Apricots;Dried;7.734;1.0;0.1433004704201704;1.1083;fruit;2013;4;1
Apricots;Fresh;3.0401;0.93;0.363762732605048;1.1891;fruit;2013;0;1
Artichoke;Canned;3.3856;0.65;0.3858089588235358;2.0095;legume;2013;1;0
Artichoke;Fresh;2.2131;0.3753086419753086;0.3858089588235358;2.275;legume;2013;0;0
Artichoke;Frozen;6.2214;0.9406389853221444;0.3858089588235358;2.5518;legume;2013;2;0
Black beans;Canned;0.9806;0.65;0.3858089588235358;0.582;legume;2013;1;0
Black beans;Dried;1.4898;2.2928075267227266;0.3858089588235358;0.2507;legume;2013;4;0
Blackberries;Fresh;5.7747;0.96;0.3196702801680725;1.9229;fruit;2013;0;1
Blackberries;Frozen;3.3885;1.0;0.3306933932773163;1.1206;fruit;2013;2;1
Blackeye peas;Canned;0.9104;0.65;0.3747858457142918;0.525;legume;2013;1;0
Blackeye peas;Dried;1.5899;2.6102731842689506;0.3858089588235358;0.235;legume;2013;4;0
Blueberries;Fresh;4.7346;0.95;0.3196702801680725;1.5932;fruit;2013;0;1
Blueberries;Frozen;3.6433;1.0;0.3306933932773163;1.2048;fruit;2013;2;1
Broccoli;Frozen;1.8697;0.8818490487395103;0.3417165063865602;0.7245;legume;2013;2;0
Brussels sprouts;Fresh;2.7636;1.06;0.3417165063865602;0.8909;legume;2013;0;0
Brussels sprouts;Frozen;2.1383;0.96;0.3417165063865602;0.7611;legume;2013;2;0
Onions;Fresh;1.0381;0.9;0.3527396194958041;0.4069;legume;2013;0;0
Oranges;Fresh;1.0352;0.73;0.4078551850420235;0.5784;fruit;2013;0;1
Oranges;Frozen;0.6899;1.0;8.0;0.345;fruit;2013;2;1
Oranges;Juice;0.7963;1.0;8.0;0.3981;fruit;2013;3;1
Papaya;Dried;4.5659;1.0;0.1543235835294143;0.7046;fruit;2013;4;1
Papaya;Fresh;1.298;0.62;0.3086471670588286;0.6462;fruit;2013;0;1
Peaches;Fresh;1.5912;0.96;0.3417165063865602;0.5664;fruit;2013;0;1
Peaches;Frozen;2.8946;1.0;0.3306933932773163;0.9572;fruit;2013;2;1
Kale;Canned;1.0686;0.65;0.363762732605048;0.5981;legume;2013;1;0
Kale;Fresh;2.8073;1.05;0.2866009408403408;0.7663;legume;2013;0;0
Kale;Frozen;1.7162;0.8994860297143005;0.363762732605048;0.6941;legume;2013;2;0
Kidney beans;Canned;0.9017;0.65;0.3858089588235358;0.5352;legume;2013;1;0
Kidney beans;Dried;1.6719;2.398629412571468;0.3858089588235358;0.2689;legume;2013;4;0
Kiwi;Fresh;2.0447;0.76;0.3858089588235358;1.038;fruit;2013;0;1
Collard greens;Fresh;2.6308;1.16;0.2866009408403408;0.65;legume;2013;0;0
Collard greens;Frozen;1.4806;0.8818490487395103;0.363762732605048;0.6107;legume;2013;2;0
Corn sweet;Canned;0.9039;0.65;0.363762732605048;0.5059;legume;2013;1;0
Corn sweet;Fresh;2.6906;0.54;0.363762732605048;1.8125;legume;2013;0;0
Corn sweet;Frozen;1.6191;0.9629791612235452;0.363762732605048;0.6116;legume;2013;2;0
Cranberries;Dried;4.7867;1.0;0.1231632749636187;0.5896;fruit;2013;4;1
Cucumbers;Fresh;1.2959;0.97;0.2645547146218531;0.3534;legume;2013;0;0
Avocados;Fresh;2.2359;0.7407532009411887;0.3196702801680725;0.9649;legume;2013;0;0
Bananas;Fresh;0.567;0.64;0.3306933932773163;0.293;fruit;2013;0;1
Beets;Canned;1.0173;0.65;0.3747858457142918;0.5866;legume;2013;1;0
Berries mixed;Frozen;3.4102;1.0;0.3306933932773163;1.1277;fruit;2013;2;1
Green peppers;Fresh;1.4104;0.82;0.2645547146218531;0.455;legume;2013;0;0
Honeydew;Fresh;0.7967;0.4599999999999999;0.3747858457142918;0.6491;fruit;2013;0;1
Butternut squash;Fresh;1.2447;0.714;0.451947637478999;0.7879;legume;2013;0;0
Cabbage;Fresh;0.5792;0.778797073364374;0.3306933932773163;0.2459;legume;2013;0;0
Cantaloupe;Fresh;0.5359;0.51;0.3747858457142918;0.3938;fruit;2013;0;1
Carrots;Canned;1.0605;0.65;0.3196702801680725;0.5215;legume;2013;1;0
Carrots;Frozen;1.4605;0.98;0.3196702801680725;0.4764;legume;2013;2;0
Cauliflower;Frozen;1.7164;0.9303507464201832;0.2755778277310969;0.5084;legume;2013;2;0
Cherries;Canned;3.5187;0.65;0.4409245243697551;2.3869;fruit;2013;1;1
Cherries;Fresh;3.593;0.92;0.3417165063865602;1.3345;fruit;2013;0;1
Collard greens;Canned;0.9026;0.65;0.363762732605048;0.5051;legume;2013;1;0
Lentils;Dried;1.385;2.716095070117692;0.3858089588235358;0.1967;legume;2013;4;0
Lettuce iceberg;Fresh;1.213;0.95;0.2425084884033653;0.3097;legume;2013;0;0
Lima beans;Canned;1.3836;0.65;0.3747858457142918;0.7978;legume;2013;1;0
Lima beans;Dried;1.7307;2.5044512984202094;0.3858089588235358;0.2666;legume;2013;4;0
Lima beans;Frozen;1.8357;1.0970202166319507;0.3747858457142918;0.6272;legume;2013;2;0
Mangoes;Dried;8.5046;1.0;0.1252626489686804;1.0653;fruit;2013;4;1
Mangoes;Fresh;1.3776;0.71;0.363762732605048;0.7058;fruit;2013;0;1
Mixed vegetables;Canned;1.3244;0.65;0.3391727110536578;0.6911;legume;2013;1;0
Mixed vegetables;Frozen;1.3887;0.99;0.3020030988833939;0.4236;legume;2013;2;0
Mustard greens;Canned;0.9768;0.65;0.3306933932773163;0.497;legume;2013;1;0
Mustard greens;Fresh;2.5692;0.84;0.3086471670588286;0.944;legume;2013;0;0
Dates;Dried;4.7914;1.0;0.1653466966386581;0.7922;fruit;2013;4;1
Figs;Dried;5.7483;0.96;0.1653466966386581;0.9901;fruit;2013;4;1
Grapefruit;Fresh;0.8978;0.49;0.4629707505882429;0.8483;fruit;2013;0;1
Grapefruit;Frozen;0.6748;1.0;8.0;0.3374;fruit;2013;2;1
Grapefruit;Juice;0.825;1.0;8.0;0.4125;fruit;2013;3;1
Grapes;Fresh;2.0938;0.96;0.3306933932773163;0.7213;fruit;2013;0;1
Grapes;Frozen;0.72;1.0;8.0;0.36;fruit;2013;2;1
Grapes;Juice;0.9135;1.0;8.0;0.4568;fruit;2013;3;1
Great northern beans;Canned;0.9239;0.65;0.3858089588235358;0.5484;legume;2013;1;0
Great northern beans;Dried;1.534;2.398629412571468;0.3858089588235358;0.2467;legume;2013;4;0
Green beans;Canned;0.8269;0.65;0.2976240539495847;0.3786;legume;2013;1;0
Green beans;Fresh;2.14;0.8465750867899299;0.2755778277310969;0.6966;legume;2013;0;0
Green beans;Frozen;1.6693;0.9030134259092584;0.2976240539495847;0.5502;legume;2013;2;0
Green peas;Canned;1.0131;0.65;0.3527396194958041;0.5498;legume;2013;1;0
Green peas;Frozen;1.6456;0.8924312373243843;0.3527396194958041;0.6504;legume;2013;2;0
Tangerines;Fresh;1.378;0.74;0.4078551850420235;0.7595;fruit;2013;0;1
Pears;Fresh;1.4616;0.9;0.363762732605048;0.5907;fruit;2013;0;1
Pineapple;Dried;5.4971;1.0;0.1543235835294143;0.8483;fruit;2013;4;1
Pineapple;Fresh;0.6277;0.51;0.363762732605048;0.4477;fruit;2013;0;1
Pineapple;Frozen;0.5908;1.0;8.0;0.2954;fruit;2013;2;1
Pineapple;Juice;0.9096;1.0;8.0;0.4548;fruit;2013;3;1
Pinto beans;Canned;0.8662;0.65;0.3858089588235358;0.5141;legume;2013;1;0
Pinto beans;Dried;1.2038;2.398629412571468;0.3858089588235358;0.1936;legume;2013;4;0
Plums;Dried;4.0363;1.0;0.1873929228571459;0.7564;fruit;2013;4;1
Plums;Fresh;1.8274;0.94;0.363762732605048;0.7072;fruit;2013;0;1
Plums;Juice;1.1554;1.0;8.0;0.5777;fruit;2013;3;1
Pomegranate;Fresh;2.1736;0.56;0.3417165063865602;1.3263;fruit;2013;0;1
Pomegranate;Juice;2.9428;1.0;8.0;1.4714;fruit;2013;3;1
Potatoes;Canned;0.966;0.65;0.3417165063865602;0.5078;legume;2013;1;0
Potatoes;Fresh;0.5643;0.8113011248403494;0.2645547146218531;0.184;legume;2013;0;0
Radish;Fresh;1.3116;0.9;0.2755778277310969;0.4016;legume;2013;0;0
Raspberries;Fresh;6.9758;0.96;0.3196702801680725;2.3229;fruit;2013;0;1
Raspberries;Frozen;4.4495;1.0;0.3306933932773163;1.4714;fruit;2013;2;1
Red peppers;Fresh;2.2779;0.82;0.2645547146218531;0.7349;legume;2013;0;0
Spinach;Canned;1.1472;0.65;0.3747858457142918;0.6614;legume;2013;1;0
Spinach;Frozen;1.9029;0.776027162890769;0.3747858457142918;0.919;legume;2013;2;0
Strawberries;Fresh;2.3588;0.94;0.3196702801680725;0.8022;fruit;2013;0;1
Strawberries;Frozen;2.3778;1.0;0.3306933932773163;0.7863;fruit;2013;2;1
Summer squash;Fresh;1.6395;0.7695;0.3968320719327796;0.8455;legume;2013;0;0
Sweet potatoes;Fresh;0.9189;0.8113011248403494;0.4409245243697551;0.4994;legume;2013;0;0
Strawberries;Fresh;2.5084;0.94;0.3196702801680725;0.8531;fruit;2016;0;1
Strawberries;Frozen;2.6116;1.0;0.3306933932773163;0.8636;fruit;2016;2;1
Summer squash;Fresh;1.64;0.7695;0.3968320719327796;0.8458;legume;2016;0;0
Sweet potatoes;Fresh;1.0544;0.8113011248403494;0.4409245243697551;0.573;legume;2016;0;0
Raspberries;Fresh;6.8777;0.96;0.3196702801680725;2.2902;fruit;2016;0;1
Raspberries;Frozen;4.7629;1.0;0.3306933932773163;1.575;fruit;2016;2;1
Red peppers;Fresh;2.3207;0.82;0.2645547146218531;0.7487;legume;2016;0;0
Spinach;Canned;1.1346;0.65;0.3747858457142918;0.6542;legume;2016;1;0
Spinach;Frozen;1.7602;0.776027162890769;0.3747858457142918;0.8501;legume;2016;2;0
Radish;Fresh;1.4621;0.9;0.2755778277310969;0.4477;legume;2016;0;0
Pinto beans;Canned;0.8014;0.65;0.3858089588235358;0.4757;legume;2016;1;0
Pinto beans;Dried;1.0851;2.398629412571468;0.3858089588235358;0.1745;legume;2016;4;0
Plums;Dried;4.7339;1.0;0.1873929228571459;0.8871;fruit;2016;4;1
Pineapple;Dried;5.8688;1.0;0.1543235835294143;0.9057;fruit;2016;4;1
Plums;Juice;1.4452;1.0;8.0;0.7226;fruit;2016;3;1
Plums;Fresh;1.988;0.94;0.363762732605048;0.7693;fruit;2016;0;1
Pineapple;Fresh;0.6528;0.51;0.363762732605048;0.4656;fruit;2016;0;1
Pineapple;Frozen;0.6204;1.0;8.0;0.3102;fruit;2016;2;1
Pomegranate;Juice;3.0103;1.0;8.0;1.5051;fruit;2016;3;1
Pomegranate;Fresh;2.0784;0.56;0.3417165063865602;1.2683;fruit;2016;0;1
Grapefruit;Fresh;1.0098;0.49;0.4629707505882429;0.9541;fruit;2016;0;1
Great northern beans;Dried;1.5892;2.398629412571468;0.3858089588235358;0.2556;legume;2016;4;0
Grapes;Juice;0.8456;1.0;8.0;0.4228;fruit;2016;3;1
Great northern beans;Canned;0.8733;0.65;0.3858089588235358;0.5184;legume;2016;1;0
Green beans;Fresh;2.1263;0.8465750867899299;0.2755778277310969;0.6921;legume;2016;0;0
Green beans;Frozen;1.7005;0.9030134259092584;0.2976240539495847;0.5605;legume;2016;2;0
Green peas;Canned;0.987;0.65;0.3527396194958041;0.5356;legume;2016;1;0
Grapes;Fresh;2.2359;0.96;0.3306933932773163;0.7702;fruit;2016;0;1
Grapes;Frozen;0.7364;1.0;8.0;0.3682;fruit;2016;2;1
Pears;Fresh;1.5176;0.9;0.363762732605048;0.6134;fruit;2016;0;1
Green beans;Canned;0.824;0.65;0.2976240539495847;0.3773;legume;2016;1;0
Pineapple;Juice;0.9718;1.0;8.0;0.4859;fruit;2016;3;1
Figs;Dried;6.1254;0.96;0.1653466966386581;1.055;fruit;2016;4;1
Dates;Dried;5.5117;1.0;0.1653466966386581;0.9113;fruit;2016;4;1
Grapefruit;Juice;0.8495;1.0;8.0;0.4247;fruit;2016;3;1
Bananas;Fresh;0.5494;0.64;0.3306933932773163;0.2839;fruit;2016;0;1
Corn sweet;Fresh;3.2649;0.54;0.363762732605048;2.1994;legume;2016;0;0
Asparagus;Fresh;3.0756;0.4938354672941257;0.3968320719327796;2.4715;legume;2016;0;0
Corn sweet;Canned;0.8537;0.65;0.363762732605048;0.4778;legume;2016;1;0
Kidney beans;Dried;1.6865;2.398629412571468;0.3858089588235358;0.2713;legume;2016;4;0
Kale;Frozen;2.0735;0.8994860297143005;0.363762732605048;0.8386;legume;2016;2;0
Kale;Fresh;2.8773;1.05;0.2866009408403408;0.7854;legume;2016;0;0
Collard greens;Fresh;2.6295;1.16;0.2866009408403408;0.6497;legume;2016;0;0
Collard greens;Frozen;1.5921;0.8818490487395103;0.363762732605048;0.6568;legume;2016;2;0
Cantaloupe;Fresh;0.5208;0.51;0.3747858457142918;0.3827;fruit;2016;0;1
Green peas;Frozen;1.6584;0.8924312373243843;0.3527396194958041;0.6555;legume;2016;2;0
Green peppers;Fresh;1.495;0.82;0.2645547146218531;0.4823;legume;2016;0;0
Carrots;Canned;0.9232;0.65;0.3196702801680725;0.454;legume;2016;1;0
Cherries;Fresh;3.2131;0.92;0.3417165063865602;1.1934;fruit;2016;0;1
Butternut squash;Fresh;1.292;0.714;0.451947637478999;0.8178;legume;2016;0;0
Cabbage;Fresh;0.6239;0.778797073364374;0.3306933932773163;0.2649;legume;2016;0;0
Cherries;Canned;3.7259;0.65;0.4409245243697551;2.5275;fruit;2016;1;1
Lentils;Dried;1.5614;2.716095070117692;0.3858089588235358;0.2218;legume;2016;4;0
Cauliflower;Frozen;1.6814;0.9303507464201832;0.2755778277310969;0.4981;legume;2016;2;0
Carrots;Frozen;1.3966;0.98;0.3196702801680725;0.4556;legume;2016;2;0
Lettuce iceberg;Fresh;1.0893;0.95;0.2425084884033653;0.2781;legume;2016;0;0
Mangoes;Dried;10.1637;1.0;0.1252626489686804;1.2731;fruit;2016;4;1
Mangoes;Fresh;1.3235;0.71;0.363762732605048;0.6781;fruit;2016;0;1
Kiwi;Fresh;2.1813;0.76;0.3858089588235358;1.1073;fruit;2016;0;1
Lima beans;Frozen;1.8992;1.0970202166319507;0.3747858457142918;0.6488;legume;2016;2;0
Lima beans;Canned;1.3282;0.65;0.3747858457142918;0.7658;legume;2016;1;0
Lima beans;Dried;2.2195;2.5044512984202094;0.3858089588235358;0.3419;legume;2016;4;0
Mixed vegetables;Frozen;1.3438;0.99;0.3020030988833939;0.4099;legume;2016;2;0
Mixed vegetables;Canned;1.1154;0.65;0.3340337305831478;0.5732;legume;2016;1;0
Kidney beans;Canned;0.8619;0.65;0.3858089588235358;0.5116;legume;2016;1;0
Cucumbers;Fresh;1.2556;0.97;0.2645547146218531;0.3424;legume;2016;0;0
Cranberries;Dried;4.6894;1.0;0.1231632749636187;0.5776;fruit;2016;4;1
Corn sweet;Frozen;1.5982;0.9629791612235452;0.363762732605048;0.6037;legume;2016;2;0
Collard greens;Canned;0.8534;0.65;0.363762732605048;0.4776;legume;2016;1;0
Beets;Canned;0.9427;0.65;0.3747858457142918;0.5436;legume;2016;1;0
Asparagus;Frozen;6.0658;1.033527085122706;0.3968320719327796;2.329;legume;2016;2;0
Avocados;Fresh;2.2255;0.7407532009411887;0.3196702801680725;0.9604;legume;2016;0;0
Artichoke;Canned;3.3175;0.65;0.3858089588235358;1.9691;legume;2016;1;0
Blackeye peas;Dried;1.613;2.6102731842689506;0.3858089588235358;0.2384;legume;2016;4;0
Apricots;Fresh;3.0871;0.93;0.363762732605048;1.2075;fruit;2016;0;1
Apricots;Dried;7.331;1.0;0.1433004704201704;1.0505;fruit;2016;4;1
Black beans;Canned;0.9457;0.65;0.3858089588235358;0.5613;legume;2016;1;0
Okra;Frozen;1.5663;0.8994860297143005;0.3747858457142918;0.6526;legume;2016;2;0
Olives;Canned;5.0861;1.0;0.2976240539495847;1.5138;legume;2016;1;0
Mustard greens;Fresh;2.6793;0.84;0.3086471670588286;0.9845;legume;2016;0;0
Tangerines;Fresh;1.4804;0.74;0.4078551850420235;0.8159;fruit;2016;0;1
Tomatoes;Canned;0.9129;1.0;0.54013254235295;0.4931;legume;2016;1;0
Turnip greens;Canned;0.7843;0.65;0.3527396194958041;0.4256;legume;2016;1;0
Turnip greens;Fresh;2.5084;0.75;0.3196702801680725;1.0692;legume;2016;0;0
Turnip greens;Frozen;1.58;0.776027162890769;0.3527396194958041;0.7182;legume;2016;2;0
Watermelon;Fresh;0.3166;0.52;0.3306933932773163;0.2014;fruit;2016;0;1
Okra;Fresh;3.8208;0.7694736842105263;0.3527396194958041;1.7515;legume;2016;0;0
Navy beans;Dried;1.4788;2.398629412571468;0.3858089588235358;0.2379;legume;2016;4;0
Navy beans;Canned;0.9463;0.65;0.3858089588235358;0.5616;legume;2016;1;0
Mustard greens;Frozen;1.5552;0.7478079933311047;0.3306933932773163;0.6877;legume;2016;2;0
Mustard greens;Canned;0.8227;0.65;0.3306933932773163;0.4186;legume;2016;1;0
Nectarines;Fresh;1.8812;0.91;0.3196702801680725;0.6609;fruit;2016;0;1
Potatoes;Frozen;1.2177;0.7760271628907691;0.3417165063865602;0.5362;legume;2016;2;0
Pumpkin;Canned;1.3781;1.0;0.54013254235295;0.7444;legume;2016;1;0
Potatoes;Canned;0.9031;0.65;0.3417165063865602;0.4748;legume;2016;1;0
Potatoes;Fresh;0.6037;0.8113011248403494;0.2645547146218531;0.1969;legume;2016;0;0
Asparagus;Canned;2.72;0.65;0.3968320719327796;1.6606;legume;2016;1;0
Artichoke;Fresh;2.3637;0.3753086419753086;0.3858089588235358;2.4299;legume;2016;0;0
Artichoke;Frozen;5.7683;0.9406389853221444;0.3858089588235358;2.3659;legume;2016;2;0
Apples;Canned;1.0491;1.0;0.54013254235295;0.5667;fruit;2016;1;1
Apples;Juice;0.6311;1.0;8.0;0.3156;fruit;2016;3;1
Acorn squash;Fresh;1.1193;0.4585537918871252;0.451947637478999;1.1032;legume;2016;0;0
Apples;Fresh;1.6155;0.9;0.2425084884033653;0.4353;fruit;2016;0;1
Apples;Frozen;0.5105;1.0;8.0;0.2552;fruit;2016;2;1
Oranges;Frozen;0.659;1.0;8.0;0.3295;fruit;2016;2;1
Oranges;Fresh;1.0971;0.6799999999999999;0.4078551850420235;0.658;fruit;2016;0;1
Onions;Fresh;1.0474;0.9;0.3527396194958041;0.4105;legume;2016;0;0
Peaches;Frozen;3.1871;1.0;0.3306933932773163;1.0539;fruit;2016;2;1
Peaches;Fresh;1.6779;0.96;0.3417165063865602;0.5973;fruit;2016;0;1
Berries mixed;Frozen;3.6369;1.0;0.3306933932773163;1.2027;fruit;2016;2;1
Blackberries;Fresh;5.6617;0.96;0.3196702801680725;1.8853;fruit;2016;0;1
Black beans;Dried;1.4039;2.2928075267227266;0.3858089588235358;0.2362;legume;2016;4;0
Blueberries;Frozen;3.4719;1.0;0.3306933932773163;1.1481;fruit;2016;2;1
Broccoli;Frozen;1.8228;0.8818490487395103;0.3417165063865602;0.7063;legume;2016;2;0
Brussels sprouts;Fresh;2.9621;1.06;0.3417165063865602;0.9549;legume;2016;0;0
Brussels sprouts;Frozen;2.0397;0.96;0.3417165063865602;0.7261;legume;2016;2;0
Blackeye peas;Canned;0.931;0.65;0.3747858457142918;0.5368;legume;2016;1;0
Blackberries;Frozen;3.692;1.0;0.3306933932773163;1.2209;fruit;2016;2;1
Blueberries;Fresh;4.3911;0.95;0.3196702801680725;1.4776;fruit;2016;0;1
Oranges;Juice;0.8467;1.0;8.0;0.4234;fruit;2016;3;1
Papaya;Dried;5.2723;1.0;0.1543235835294143;0.8136;fruit;2016;4;1
Papaya;Fresh;1.2935;0.62;0.3086471670588286;0.6439;fruit;2016;0;1
Honeydew;Fresh;0.826;0.4599999999999999;0.3747858457142918;0.673;fruit;2016;0;1
Grapefruit;Fresh;1.1695;0.49;0.4629707505882429;1.105;fruit;2020;0;1
Bananas;Fresh;0.5249;0.64;0.3306933932773163;0.2712;fruit;2020;0;1
Grapefruit;Juice;1.0415;1.0;8.0;0.5208;fruit;2020;3;1
Dates;Dried;5.5713;1.0;0.1653466966386581;0.9212;fruit;2020;4;1
Figs;Dried;6.8371;0.96;0.1653466966386581;1.1776;fruit;2020;4;1
Cauliflower;Frozen;1.9946;0.9303507464201832;0.2755778277310969;0.5908;legume;2020;2;0
Carrots;Frozen;1.6763;0.98;0.3196702801680725;0.5468;legume;2020;2;0
Carrots;Canned;1.1315;0.65;0.3196702801680725;0.5565;legume;2020;1;0
Cantaloupe;Fresh;0.5767;0.51;0.3747858457142918;0.4238;fruit;2020;0;1
Cabbage;Fresh;0.7025;0.778797073364374;0.3306933932773163;0.2983;legume;2020;0;0
Honeydew;Fresh;0.9056;0.4599999999999999;0.3747858457142918;0.7378;fruit;2020;0;1
Kidney beans;Dried;1.7218;2.469177336470629;0.3858089588235358;0.269;legume;2020;4;0
Grapes;Juice;0.9215;1.0;8.0;0.4607;fruit;2020;3;1
Kale;Frozen;2.1257;0.8994860297143005;0.363762732605048;0.8597;legume;2020;2;0
Kale;Fresh;2.5018;1.05;0.2866009408403408;0.6829;legume;2020;0;0
Great northern beans;Canned;1.0095;0.65;0.3858089588235358;0.5992;legume;2020;1;0
Kidney beans;Canned;0.9719;0.65;0.3858089588235358;0.5768;legume;2020;1;0
Lentils;Dried;1.6493;2.469177336470629;0.3858089588235358;0.2577;legume;2020;4;0
Kiwi;Fresh;2.1849;0.76;0.3858089588235358;1.1091;fruit;2020;0;1
Lettuce iceberg;Fresh;0.9952;0.95;0.2425084884033653;0.254;legume;2020;0;0
Grapes;Frozen;0.7119;1.0;8.0;0.3559;fruit;2020;2;1
Green beans;Fresh;2.1463;0.8465750867899299;0.2755778277310969;0.6987;legume;2020;0;0
Green beans;Canned;1.0175;0.65;0.2976240539495847;0.4659;legume;2020;1;0
Green beans;Frozen;1.946;0.9030134259092584;0.2976240539495847;0.6414;legume;2020;2;0
Green peas;Canned;1.2516;0.65;0.3527396194958041;0.6792;legume;2020;1;0
Cherries;Fresh;3.4269;0.92;0.3417165063865602;1.2729;fruit;2020;0;1
Cherries;Canned;4.5257;0.65;0.4409245243697551;3.07;fruit;2020;1;1
Clementines;Fresh;1.3847;0.77;0.4629707505882429;0.8326;fruit;2020;0;1
Great northern beans;Dried;1.6965;2.469177336470629;0.3858089588235358;0.2651;legume;2020;4;0
Green peppers;Fresh;1.2772;0.82;0.2645547146218531;0.4121;legume;2020;0;0
Green peas;Frozen;1.8937;0.8924312373243843;0.3527396194958041;0.7485;legume;2020;2;0
Grapes;Fresh;1.8398;0.96;0.3306933932773163;0.6338;fruit;2020;0;1
Corn sweet;Canned;1.0287;0.65;0.363762732605048;0.5757;legume;2020;1;0
Corn sweet;Fresh;1.8908;0.54;0.363762732605048;1.2737;legume;2020;0;0
Corn sweet;Frozen;1.6642;0.9629791612235452;0.363762732605048;0.6286;legume;2020;2;0
Cranberries;Dried;4.6513;1.0;0.1231632749636187;0.5729;fruit;2020;4;1
Cucumbers;Fresh;1.1933;0.97;0.2645547146218531;0.3255;legume;2020;0;0
Berries mixed;Frozen;3.5585;1.0;0.3306933932773163;1.1768;fruit;2020;2;1
Beets;Canned;1.2684;0.65;0.3747858457142918;0.7314;legume;2020;1;0
Black beans;Dried;1.3753;2.469177336470629;0.3858089588235358;0.2149;legume;2020;4;0
Plums;Fresh;2.0292;0.94;0.363762732605048;0.7852;fruit;2020;0;1
Acorn squash;Fresh;1.1804;0.4585615053445454;0.451947637478999;1.1633;legume;2020;0;0
Plums;Juice;1.5522;1.0;8.0;0.7761;fruit;2020;3;1
Plums;Dried;5.7042;1.0;0.1873929228571459;1.0689;fruit;2020;4;1
Pinto beans;Dried;1.2933;2.469177336470629;0.3858089588235358;0.2021;legume;2020;4;0
Apricots;Dried;6.6188;1.0;0.1433004704201704;0.9485;fruit;2020;4;1
Apricots;Fresh;2.9665;0.93;0.363762732605048;1.1603;fruit;2020;0;1
Apples;Juice;0.7804;1.0;8.0;0.3902;fruit;2020;3;1
Apples;Frozen;0.5853;1.0;8.0;0.2926;fruit;2020;2;1
Apples;Fresh;1.5193;0.9;0.2425084884033653;0.4094;fruit;2020;0;1
Apples;Canned;1.066;1.0;0.54013254235295;0.5758;fruit;2020;1;1
Pinto beans;Canned;0.8742;0.65;0.3858089588235358;0.5189;legume;2020;1;0
Black beans;Canned;1.0281;0.65;0.3858089588235358;0.6102;legume;2020;1;0
Collard greens;Canned;1.0418;0.65;0.363762732605048;0.583;legume;2020;1;0
Collard greens;Fresh;2.682;1.16;0.2866009408403408;0.6626;legume;2020;0;0
Collard greens;Frozen;1.9022;0.8818490487395103;0.363762732605048;0.7846;legume;2020;2;0
Lima beans;Canned;1.4004;0.65;0.3747858457142918;0.8075;legume;2020;1;0
Mustard greens;Frozen;1.9288;0.7478079933311047;0.3306933932773163;0.853;legume;2020;2;0
Mixed vegetables;Canned;1.5339;0.65;0.3391727110536578;0.8004;legume;2020;1;0
Oranges;Juice;0.9842;1.0;8.0;0.4921;fruit;2020;3;1
Oranges;Frozen;0.769;1.0;8.0;0.3845;fruit;2020;2;1
Turnip greens;Fresh;2.4176;0.75;0.3196702801680725;1.0304;legume;2020;0;0
Turnip greens;Frozen;1.9451;0.776027162890769;0.3527396194958041;0.8841;legume;2020;2;0
Lima beans;Frozen;1.8995;1.0970202166319507;0.3747858457142918;0.6489;legume;2020;2;0
Mangoes;Dried;10.5527;1.0;0.1252626489686804;1.3219;fruit;2020;4;1
Mangoes;Fresh;1.1513;0.71;0.363762732605048;0.5898;fruit;2020;0;1
Mixed vegetables;Frozen;1.5296;0.99;0.3391727110536578;0.5241;legume;2020;2;0
Mustard greens;Canned;1.0496;0.65;0.3306933932773163;0.534;legume;2020;1;0
Lima beans;Dried;2.1861;2.539725260369789;0.3858089588235358;0.3321;legume;2020;4;0
Pomegranate;Fresh;2.235;0.56;0.3417165063865602;1.3638;fruit;2020;0;1
Turnip greens;Canned;1.0429;0.65;0.3527396194958041;0.566;legume;2020;1;0
Tomatoes;Canned;1.0175;1.0;0.54013254235295;0.5496;legume;2020;1;0
Sweet potatoes;Fresh;1.1198;0.8818490487395103;0.4409245243697551;0.5599;legume;2020;0;0
Pineapple;Juice;1.0288;1.0;8.0;0.5144;fruit;2020;3;1
Pineapple;Frozen;0.6973;1.0;8.0;0.3486;fruit;2020;2;1
Pineapple;Fresh;0.5685;0.51;0.363762732605048;0.4055;fruit;2020;0;1
Red peppers;Fresh;2.1614;0.82;0.2645547146218531;0.6973;legume;2020;0;0
Raspberries;Frozen;4.1877;1.0;0.3306933932773163;1.3849;fruit;2020;2;1
Raspberries;Fresh;6.6391;0.96;0.3196702801680725;2.2107;fruit;2020;0;1
Radish;Fresh;1.577;0.9;0.2755778277310969;0.4829;legume;2020;0;0
Pumpkin;Canned;2.0172;1.0;0.54013254235295;1.0896;legume;2020;1;0
Oranges;Fresh;1.2131;0.6799999999999999;0.4078551850420235;0.7276;fruit;2020;0;1
Onions;Fresh;0.9751;0.9;0.3527396194958041;0.3822;legume;2020;0;0
Olives;Canned;5.7719;1.0;0.2976240539495847;1.7179;legume;2020;1;0
Okra;Frozen;1.8562;0.8994860297143005;0.3747858457142918;0.7734;legume;2020;2;0
Okra;Fresh;3.9803;0.7694736842105263;0.3527396194958041;1.8246;legume;2020;0;0
Nectarines;Fresh;1.9062;0.91;0.3196702801680725;0.6696;fruit;2020;0;1
Navy beans;Dried;1.4942;2.469177336470629;0.3858089588235358;0.2335;legume;2020;4;0
Navy beans;Canned;1.0492;0.65;0.3858089588235358;0.6228;legume;2020;1;0
Zucchini;Fresh;1.5489;0.7695;0.3968320719327796;0.7987;legume;2020;0;0
Watermelon;Fresh;0.3604;0.52;0.3306933932773163;0.2292;fruit;2020;0;1
Spinach;Canned;1.3154;0.65;0.3747858457142918;0.7585;legume;2020;1;0
Peaches;Frozen;3.3867;1.0;0.3306933932773163;1.12;fruit;2020;2;1
Papaya;Dried;5.5089;1.0;0.1543235835294143;0.8502;fruit;2020;4;1
Spinach;Frozen;2.133;0.776027162890769;0.3747858457142918;1.0302;legume;2020;2;0
Strawberries;Fresh;2.58;0.94;0.3196702801680725;0.8774;fruit;2020;0;1
Strawberries;Frozen;2.8189;1.0;0.3306933932773163;0.9322;fruit;2020;2;1
Peaches;Fresh;1.7167;0.96;0.3417165063865602;0.6111;fruit;2020;0;1
Potatoes;Canned;1.107;0.65;0.3417165063865602;0.582;legume;2020;1;0
Potatoes;Fresh;0.6682;0.8113011248403494;0.2645547146218531;0.2179;legume;2020;0;0
Pomegranate;Juice;3.122;1.0;8.0;1.561;fruit;2020;3;1
Brussels sprouts;Fresh;2.6895;1.06;0.3417165063865602;0.867;legume;2020;0;0
Broccoli;Frozen;2.1543;0.8818490487395103;0.3417165063865602;0.8348;legume;2020;2;0
Blueberries;Frozen;3.3898;1.0;0.3306933932773163;1.121;fruit;2020;2;1
Blueberries;Fresh;4.1739;0.95;0.3196702801680725;1.4045;fruit;2020;0;1
Blackeye peas;Dried;1.7584;2.539725260369789;0.3858089588235358;0.2671;legume;2020;4;0
Blackeye peas;Canned;1.0375;0.65;0.3747858457142918;0.5982;legume;2020;1;0
Papaya;Fresh;1.2904;0.62;0.3086471670588286;0.6424;fruit;2020;0;1
Potatoes;Frozen;1.5371;0.7760271628907691;0.3417165063865602;0.6769;legume;2020;2;0
Pineapple;Dried;6.6492;1.0;0.1543235835294143;1.0261;fruit;2020;4;1
Pears;Fresh;1.5865;0.9;0.363762732605048;0.6412;fruit;2020;0;1
Blackberries;Frozen;3.6362;1.0;0.3306933932773163;1.2025;fruit;2020;2;1
Blackberries;Fresh;6.0172;0.96;0.3196702801680725;2.0037;fruit;2020;0;1
Asparagus;Frozen;6.7045;1.033527085122706;0.3968320719327796;2.5742;legume;2020;2;0
Avocados;Fresh;2.2368;0.7407532009411887;0.3196702801680725;0.9653;legume;2020;0;0
Butternut squash;Fresh;1.2325;0.714;0.451947637478999;0.7802;legume;2020;0;0
Brussels sprouts;Frozen;2.6214;0.96;0.3417165063865602;0.9331;legume;2020;2;0
Asparagus;Fresh;2.7576;0.4938354672941257;0.3968320719327796;2.2159;legume;2020;0;0
Asparagus;Canned;3.1269;0.65;0.3968320719327796;1.909;legume;2020;1;0
Artichoke;Fresh;2.1913;0.375;0.3858089588235358;2.2545;legume;2020;0;0
Artichoke;Canned;3.4119;0.65;0.3858089588235358;2.0251;legume;2020;1;0
Asparagus;Frozen;6.8212;1.033527085122706;0.3968320719327796;2.6191;legume;2022;2;0
Asparagus;Fresh;2.9531;0.4938354672941257;0.3968320719327796;2.3731;legume;2022;0;0
Apricots, packed in juice;Canned;1.8645;1.0;0.5401;1.0071;fruit;2022;1;1
Apricots, packed in syrup or water;Canned;2.2362;0.65;0.4409;1.5169;fruit;2022;1;1
Artichoke;Canned;3.4498;0.65;0.3858089588235358;2.0476;legume;2022;1;0
Asparagus;Canned;3.4328;0.65;0.3968320719327796;2.0958;legume;2022;1;0
Artichoke;Fresh;2.4703;0.375;0.3858089588235358;2.5415;legume;2022;0;0
Pineapple, ready-to-drink;Juice;1.2243;1.0;8.0;0.6122;fruit;2022;3;1
Pinto beans;Canned;1.1189;0.65;0.3858089588235358;0.6641;legume;2022;1;0
Pinto beans;Dried;1.4173;2.469177336470629;0.3858089588235358;0.2215;legume;2022;4;0
Pineapple, frozen concentrate;Juice;0.7256;1.0;8.0;0.3628;fruit;2022;3;1
Pineapple, packed in juice;Canned;1.6509;1.0;0.5401;0.8917;fruit;2022;1;1
Red peppers;Fresh;1.8742;0.82;0.2645547146218531;0.6047;legume;2022;0;0
Spinach;Canned;1.5676;0.65;0.3747858457142918;0.9039;legume;2022;1;0
Spinach;Frozen;2.2796;0.776027162890769;0.3747858457142918;1.101;legume;2022;2;0
Radish;Fresh;1.8126;0.9;0.2755778277310969;0.555;legume;2022;0;0
Raspberries;Fresh;7.7338;0.96;0.3196702801680725;2.5753;fruit;2022;0;1
Raspberries;Frozen;6.159;1.0;0.3306933932773163;2.0368;fruit;2022;2;1
Potatoes;Frozen;1.9018;0.7760271628907691;0.3417165063865602;0.8374;legume;2022;2;0
Potatoes, french fries;Frozen;1.9018;0.776;0.3417;0.8374;legume;2022;2;0
Pumpkin;Canned;1.8642;1.0;0.54013254235295;1.0069;legume;2022;1;0
Pomegranate, ready-to-drink;Juice;3.2788;1.0;8.0;1.6394;fruit;2022;3;1
Potatoes;Canned;1.0266;0.65;0.3417165063865602;0.5397;legume;2022;1;0
Potatoes;Fresh;0.8166;0.8113011248403494;0.2645547146218531;0.2663;legume;2022;0;0
Cauliflower florets;Fresh;3.8022;0.9702;0.2756;1.08;legume;2022;0;0
Cauliflower heads;Fresh;2.1841;0.8926;0.2756;0.6743;legume;2022;0;0
Celery sticks;Fresh;2.4941;1.0;0.2646;0.6598;legume;2022;0;0
Carrots, baby;Fresh;1.3507;1.0;0.2756;0.3722;legume;2022;0;0
Carrots, cooked whole;Fresh;0.9761;0.8158;0.3197;0.3825;legume;2022;0;0
Carrots, raw whole;Fresh;0.9761;0.89;0.2756;0.3022;legume;2022;0;0
Cauliflower;Frozen;2.3974;0.9303507464201832;0.2755778277310969;0.7101;legume;2022;2;0
Cantaloupe;Fresh;0.7523;0.51;0.3747858457142918;0.5528;fruit;2022;0;1
Carrots;Canned;1.1979;0.65;0.3196702801680725;0.5892;legume;2022;1;0
Carrots;Frozen;1.7277;0.98;0.3196702801680725;0.5636;legume;2022;2;0
Cabbage;Fresh;0.797;0.778797073364374;0.3306933932773163;0.3384;legume;2022;0;0
Cabbage, green;Fresh;0.797;0.7788;0.3307;0.3384;legume;2022;0;0
Cabbage, red;Fresh;1.2604;0.7791;0.3307;0.535;legume;2022;0;0
Cabbage, sauerkraut;Canned;1.478;0.65;0.3086;0.7018;legume;2022;1;0
Brussels sprouts;Frozen;2.5949;0.96;0.3417165063865602;0.9237;legume;2022;2;0
Tomatoes, roma & plum;Fresh;1.2453;0.91;0.3748;0.5129;legume;2022;0;0
Turnip greens;Canned;1.3154;0.65;0.3527396194958041;0.7138;legume;2022;1;0
Turnip greens;Fresh;2.925;0.75;0.3196702801680725;1.2467;legume;2022;0;0
Turnip greens;Frozen;2.5169;0.776027162890769;0.3527396194958041;1.144;legume;2022;2;0
Tomatoes;Canned;1.0715;1.0;0.54013254235295;0.5787;legume;2022;1;0
Tomatoes, grape & cherry;Fresh;3.8729;0.91;0.3748;1.595;legume;2022;0;0
Tomatoes, large round;Fresh;2.1868;0.91;0.3748;0.9006;legume;2022;0;0
Strawberries;Frozen;3.3421;1.0;0.3306933932773163;1.1052;fruit;2022;2;1
Sweet potatoes;Fresh;1.1565;0.8818490487395103;0.4409245243697551;0.5782;legume;2022;0;0
Spinach, boiled;Fresh;4.1214;0.77;0.3307;1.77;legume;2022;0;0
Spinach, eaten raw;Fresh;4.1214;1.0;0.1543;0.636;legume;2022;0;0
Strawberries;Fresh;2.9682;0.94;0.3196702801680725;1.0094;fruit;2022;0;1
Pears, packed in syrup or water;Canned;2.092;0.65;0.4409;1.4191;fruit;2022;1;1
Pineapple;Dried;7.0133;1.0;0.1543235835294143;1.0823;fruit;2022;4;1
Pineapple;Fresh;0.617;0.51;0.363762732605048;0.4401;fruit;2022;0;1
Pineapple;Frozen;0.7256;1.0;8.0;0.3628;fruit;2022;2;1
Pineapple;Juice;1.2243;1.0;8.0;0.6122;fruit;2022;3;1
Dates;Dried;5.7499;1.0;0.1653466966386581;0.9507;fruit;2022;4;1
Figs;Dried;7.3233;0.96;0.1653466966386581;1.2613;fruit;2022;4;1
Cranberries;Dried;5.0828;1.0;0.1231632749636187;0.626;fruit;2022;4;1
Cucumbers;Fresh;1.2473;0.97;0.2645547146218531;0.3402;legume;2022;0;0
Cucumbers with peel;Fresh;1.2473;0.97;0.2646;0.3402;legume;2022;0;0
Corn;Frozen;1.6889;0.963;0.3638;0.638;legume;2022;2;0
Corn sweet;Canned;1.1543;0.65;0.363762732605048;0.646;legume;2022;1;0
Corn sweet;Fresh;2.2281;0.54;0.363762732605048;1.5009;legume;2022;0;0
Corn sweet;Frozen;1.6889;0.9629791612235452;0.363762732605048;0.638;legume;2022;2;0
Collard greens;Frozen;2.3512;0.8818490487395103;0.363762732605048;0.9699;legume;2022;2;0
Corn;Canned;1.1543;0.65;0.3638;0.646;legume;2022;1;0
Corn;Fresh;2.2281;0.54;0.3638;1.5009;legume;2022;0;0
Cherries, packed in syrup or water;Canned;5.2418;0.65;0.4409;3.5558;fruit;2022;1;1
Clementines;Fresh;1.5811;0.77;0.4629707505882429;0.9507;fruit;2022;0;1
Collard greens;Canned;1.3315;0.65;0.363762732605048;0.7452;legume;2022;1;0
Collard greens;Fresh;3.0881;1.16;0.2866009408403408;0.763;legume;2022;0;0
Celery, trimmed bunches;Fresh;1.1637;0.73;0.2646;0.4217;legume;2022;0;0
Cherries;Canned;5.2418;0.65;0.4409245243697551;3.5558;fruit;2022;1;1
Cherries;Fresh;4.6632;0.92;0.3417165063865602;1.7321;fruit;2022;0;1
Peaches, packed in juice;Canned;2.2503;1.0;0.5401;1.2155;fruit;2022;1;1
Peaches, packed in syrup or water;Canned;2.0102;0.65;0.4409;1.3636;fruit;2022;1;1
Pears;Fresh;1.8472;0.9;0.363762732605048;0.7466;fruit;2022;0;1
Pears, packed in juice;Canned;2.14;1.0;0.5401;1.1559;fruit;2022;1;1
Peaches;Fresh;2.1785;0.96;0.3417165063865602;0.7755;fruit;2022;0;1
Peaches;Frozen;3.6058;1.0;0.3306933932773163;1.1924;fruit;2022;2;1
Oranges, ready-to-drink;Juice;1.0572;1.0;8.0;0.5286;fruit;2022;3;1
Papaya;Dried;7.4854;1.0;0.1543235835294143;1.1552;fruit;2022;4;1
Papaya;Fresh;1.3375;0.62;0.3086471670588286;0.6658;fruit;2022;0;1
Watermelon;Fresh;0.382;0.52;0.3306933932773163;0.2429;fruit;2022;0;1
Zucchini;Fresh;1.6359;0.7695;0.3968320719327796;0.8437;legume;2022;0;0
Oranges;Frozen;0.7338;1.0;8.0;0.3669;fruit;2022;2;1
Oranges;Juice;1.0572;1.0;8.0;0.5286;fruit;2022;3;1
Oranges, frozen concentrate;Juice;0.7338;1.0;8.0;0.3669;fruit;2022;3;1
Olives;Canned;5.3496;1.0;0.2976240539495847;1.5922;legume;2022;1;0
Onions;Fresh;1.1062;0.9;0.3527396194958041;0.4335;legume;2022;0;0
Green beans;Fresh;2.6199;0.8465750867899299;0.2755778277310969;0.8528;legume;2022;0;0
Green beans;Frozen;1.9983;0.9030134259092584;0.2976240539495847;0.6586;legume;2022;2;0
Green peas;Canned;1.3118;0.65;0.3527396194958041;0.7119;legume;2022;1;0
Great northern beans;Canned;1.1583;0.65;0.3858089588235358;0.6875;legume;2022;1;0
Great northern beans;Dried;1.7202;2.469177336470629;0.3858089588235358;0.2688;legume;2022;4;0
Green beans;Canned;1.1291;0.65;0.2976240539495847;0.517;legume;2022;1;0
Grapes, frozen concentrate;Juice;0.7524;1.0;8.0;0.3762;fruit;2022;3;1
Grapes, ready-to-drink;Juice;1.0509;1.0;8.0;0.5255;fruit;2022;3;1
Grapefruit, ready-to-drink;Juice;1.1935;1.0;8.0;0.5968;fruit;2022;3;1
Grapes;Fresh;2.0363;0.96;0.3306933932773163;0.7014;fruit;2022;0;1
Grapes;Frozen;0.7524;1.0;8.0;0.3762;fruit;2022;2;1
Grapes;Juice;1.0509;1.0;8.0;0.5255;fruit;2022;3;1
Grapes (raisins);Dried;3.9936;1.0;0.1653;0.6603;fruit;2022;4;1
Fruit cocktail, packed in juice;Canned;2.394;1.0;0.5401;1.2931;fruit;2022;1;1
Fruit cocktail, packed in syrup or water;Canned;2.0996;0.65;0.4409;1.4242;fruit;2022;1;1
Grapefruit;Fresh;1.4444;0.49;0.4629707505882429;1.3647;fruit;2022;0;1
Grapefruit;Juice;1.1935;1.0;8.0;0.5968;fruit;2022;3;1
Cucumbers without peel;Fresh;1.2473;0.73;0.2646;0.452;legume;2022;0;0
Oranges;Fresh;1.4624;0.6799999999999999;0.4078551850420235;0.8771;fruit;2022;0;1
Nectarines;Fresh;2.3721;0.91;0.3196702801680725;0.8333;fruit;2022;0;1
Okra;Fresh;5.1567;0.7694736842105263;0.3527396194958041;2.3639;legume;2022;0;0
Okra;Frozen;2.2528;0.8994860297143005;0.3747858457142918;0.9387;legume;2022;2;0
Navy beans;Canned;1.2738;0.65;0.3858089588235358;0.7561;legume;2022;1;0
Navy beans;Dried;1.6073;2.469177336470629;0.3858089588235358;0.2511;legume;2022;4;0
Mushrooms, sliced;Fresh;3.9224;1.0;0.1543;0.6053;legume;2022;0;0
Mushrooms, whole;Fresh;3.8929;0.97;0.1543;0.6194;legume;2022;0;0
Mustard greens;Canned;1.3367;0.65;0.3306933932773163;0.68;legume;2022;1;0
Mustard greens;Frozen;2.4324;0.7478079933311047;0.3306933932773163;1.0756;legume;2022;2;0
Mixed vegetables, broccoli, cauliflower, carrots;Frozen;2.1538;0.97;0.3105;0.6895;legume;2022;2;0
Mixed vegetables, carrots, peas, corn, green beans;Frozen;1.7859;0.97;0.334;0.615;legume;2022;2;0
Mixed vegetables, peas & carrots;Canned;1.4754;0.65;0.3392;0.7699;legume;2022;1;0
Mixed vegetables, peas & carrots;Frozen;1.8433;0.99;0.3392;0.6315;legume;2022;2;0
Mangoes;Fresh;1.4698;0.71;0.363762732605048;0.7531;fruit;2022;0;1
Mixed vegetables;Canned;1.4754;0.65;0.3391727110536578;0.7699;legume;2022;1;0
Mixed vegetables;Frozen;1.8433;0.99;0.3391727110536578;0.6315;legume;2022;2;0
Lima beans;Frozen;2.4401;1.0970202166319507;0.3747858457142918;0.8336;legume;2022;2;0
Mangoes;Dried;10.3035;1.0;0.1252626489686804;1.2906;fruit;2022;4;1
Lettuce, romaine, heads;Fresh;2.3074;0.94;0.2094;0.5141;legume;2022;0;0
Lettuce, romaine, hearts;Fresh;3.2802;0.85;0.2094;0.8082;legume;2022;0;0
Lima beans;Canned;1.4785;0.65;0.3747858457142918;0.8525;legume;2022;1;0
Lima beans;Dried;2.3933;2.539725260369789;0.3858089588235358;0.3636;legume;2022;4;0
Lentils;Dried;1.839;2.469177336470629;0.3858089588235358;0.2873;legume;2022;4;0
Lettuce iceberg;Fresh;1.2512;0.95;0.2425084884033653;0.3194;legume;2022;0;0
Lettuce, iceberg;Fresh;1.2512;0.95;0.2425;0.3194;legume;2022;0;0
Kidney beans;Canned;1.1208;0.65;0.3858089588235358;0.6652;legume;2022;1;0
Kidney beans;Dried;1.9176;2.469177336470629;0.3858089588235358;0.2996;legume;2022;4;0
Kiwi;Fresh;2.6064;0.76;0.3858089588235358;1.3231;fruit;2022;0;1
Honeydew;Fresh;1.1589;0.4599999999999999;0.3747858457142918;0.9442;fruit;2022;0;1
Kale;Fresh;3.4338;1.05;0.2866009408403408;0.9373;legume;2022;0;0
Kale;Frozen;2.2983;0.8994860297143005;0.363762732605048;0.9295;legume;2022;2;0
Green peas;Frozen;1.996;0.8924312373243843;0.3527396194958041;0.7889;legume;2022;2;0
Green peppers;Fresh;1.4789;0.82;0.2645547146218531;0.4771;legume;2022;0;0
Bananas;Fresh;0.5971;0.64;0.3306933932773163;0.3085;fruit;2022;0;1
Apples, ready-to-drink;Juice;0.8699;1.0;8.0;0.4349;fruit;2022;3;1
Apricots;Dried;7.6611;1.0;0.1433004704201704;1.0978;fruit;2022;4;1
Apricots;Fresh;3.6162;0.93;0.363762732605048;1.4145;fruit;2022;0;1
Apples, applesauce;Canned;1.1705;1.0;0.5401;0.6323;fruit;2022;1;1
Apples, frozen concentrate;Juice;0.6086;1.0;8.0;0.3043;fruit;2022;3;1
Acorn squash;Fresh;1.2136;0.4585615053445454;0.451947637478999;1.1961;legume;2022;0;0
Apples;Canned;1.1705;1.0;0.54013254235295;0.6323;fruit;2022;1;1
Apples;Fresh;1.8541;0.9;0.2425084884033653;0.4996;fruit;2022;0;1
Apples;Frozen;0.6086;1.0;8.0;0.3043;fruit;2022;2;1
Apples;Juice;0.8699;1.0;8.0;0.4349;fruit;2022;3;1
Plums;Fresh;2.5259;0.94;0.363762732605048;0.9775;fruit;2022;0;1
Plums;Juice;1.6988;1.0;8.0;0.8494;fruit;2022;3;1
Pomegranate;Fresh;2.4672;0.56;0.3417165063865602;1.5055;fruit;2022;0;1
Pomegranate;Juice;3.2788;1.0;8.0;1.6394;fruit;2022;3;1
Plum;Fresh;2.5259;0.94;0.3638;0.9775;fruit;2022;0;1
Plum (prune), ready-to-drink;Juice;1.6988;1.0;8.0;0.8494;fruit;2022;3;1
Plum (prunes);Dried;6.3293;1.0;0.1874;1.1861;fruit;2022;4;1
Plums;Dried;6.3293;1.0;0.1873929228571459;1.1861;fruit;2022;4;1
Pineapple, packed in syrup or water;Canned;1.7771;0.65;0.4409;1.2055;fruit;2022;1;1
Butternut squash;Fresh;1.2691;0.714;0.451947637478999;0.8033;legume;2022;0;0
Broccoli;Frozen;2.3458;0.8818490487395103;0.3417165063865602;0.909;legume;2022;2;0
Broccoli florets;Fresh;2.9162;1.0;0.3417;0.9965;legume;2022;0;0
Broccoli heads;Fresh;3.082;0.78;0.3417;1.3502;legume;2022;0;0
Brussels sprouts;Fresh;2.9139;1.06;0.3417165063865602;0.9394;legume;2022;0;0
Blueberries;Fresh;4.1575;0.95;0.3196702801680725;1.399;fruit;2022;0;1
Blueberries;Frozen;3.821;1.0;0.3306933932773163;1.2636;fruit;2022;2;1
Blackberries;Frozen;4.8277;1.0;0.3306933932773163;1.5965;fruit;2022;2;1
Blackeye peas;Canned;1.3164;0.65;0.3747858457142918;0.759;legume;2022;1;0
Blackeye peas;Dried;1.9265;2.539725260369789;0.3858089588235358;0.2926;legume;2022;4;0
Black beans;Canned;1.2387;0.65;0.3858089588235358;0.7352;legume;2022;1;0
Black beans;Dried;1.525;2.469177336470629;0.3858089588235358;0.2383;legume;2022;4;0
Blackberries;Fresh;6.7483;0.96;0.3196702801680725;2.2471;fruit;2022;0;1
Beets;Canned;1.1431;0.65;0.3747858457142918;0.6591;legume;2022;1;0
Berries mixed;Frozen;4.2673;1.0;0.3306933932773163;1.4112;fruit;2022;2;1
Berries, mixed;Frozen;4.2673;1.0;0.3307;1.4112;fruit;2022;2;1
Avocados;Fresh;2.6737;0.7407532009411887;0.3196702801680725;1.1538;legume;2022;0;0
Blackberries;Fresh;6.83446877;0.96;0.3197;2.275808903;fruit;2023;0;1
Beets;Canned;1.257920081;0.65;0.3748;0.725308679;legume;2023;1;0
Berries, mixed;Frozen;4.448419152;1.0;0.3307;1.471062824;fruit;2023;2;1
Avocados;Fresh;2.262402684;0.7408;0.3197;0.976334492;legume;2023;0;0
Blackeye peas;Canned;1.42085767;0.65;0.3748;0.819257451;legume;2023;1;0
Blackeye peas;Dried;2.125516477;2.5397;0.3858;0.322886618;legume;2023;4;0
Black beans;Canned;1.306312699;0.65;0.3858;0.775364834;legume;2023;1;0
Black beans;Dried;1.658510355;2.4692;0.3858;0.259142243;legume;2023;4;0
Blueberries;Fresh;5.132473096;0.95;0.3197;1.727051697;fruit;2023;0;1
Blueberries;Frozen;4.199260815;1.0;0.3307;1.388667808;fruit;2023;2;1
Blackberries;Frozen;4.705827184;1.0;0.3307;1.55618596;fruit;2023;2;1
Butternut squash;Fresh;1.270953317;0.714;0.4519;0.804487884;legume;2023;0;0
Broccoli;Frozen;2.572513699;0.8818;0.3417;0.996849058;legume;2023;2;0
Broccoli florets;Fresh;3.083131203;1.0;0.3417;1.053556824;legume;2023;0;0
Broccoli heads;Fresh;3.023555459;0.78;0.3417;1.324613857;legume;2023;0;0
Plum;Fresh;2.658223036;0.94;0.3638;1.028683485;fruit;2023;0;1
Plum (prune), ready to drink;Juice;1.794818097;1.0;0.5;0.897409048;fruit;2023;3;1
Plum (prunes);Dried;6.906399803;1.0;0.1874;1.294210446;fruit;2023;4;1
Pineapple, ready to drink;Juice;1.374156691;1.0;0.5;0.687078346;fruit;2023;3;1
Pomegranate;Fresh;2.475577389;0.56;0.3417;1.510617244;fruit;2023;0;1
Apples, applesauce;Canned;1.208099427;1.0;0.5401;0.652533815;fruit;2023;1;1
Apples, frozen concentrate;Juice;2.668334171;4.0;0.5;0.333541771;fruit;2023;3;1
Acorn squash;Fresh;1.241438589;0.4586;0.4519;1.223533225;legume;2023;0;0
Apples;Fresh;1.86093095;0.9;0.2425;0.501435057;fruit;2023;0;1
Apples, ready to drink;Juice;0.951115064;1.0;0.5;0.475557532;fruit;2023;3;1
Apricots;Dried;8.634283691;1.0;0.1433;1.237296915;fruit;2023;4;1
Apricots;Fresh;3.803731821;0.93;0.3638;1.487802023;fruit;2023;0;1
Kale;Fresh;3.57112371;1.05;0.2866;0.974749919;legume;2023;0;0
Kale;Frozen;2.28053379;0.8995;0.3638;0.922274695;legume;2023;2;0
Green peas;Canned;1.421894276;0.65;0.3527;0.771628378;legume;2023;1;0
Green peas;Frozen;2.191018173;0.8924;0.3527;0.866015088;legume;2023;2;0
Kidney beans;Canned;1.199920223;0.65;0.3858;0.712215341;legume;2023;1;0
Kidney beans;Dried;1.99633282;2.4692;0.3858;0.311927003;legume;2023;4;0
Honeydew;Fresh;1.250052787;0.46;0.3748;1.018482806;fruit;2023;0;1
Lettuce, romaine, hearts;Fresh;3.029270006;0.85;0.2094;0.746409097;legume;2023;0;0
Lima beans;Canned;1.627066597;0.65;0.3748;0.938156201;legume;2023;1;0
Kiwi;Fresh;2.834707401;0.76;0.3858;1.439020409;fruit;2023;0;1
Lentils;Dried;1.957697337;2.4692;0.3858;0.305890209;legume;2023;4;0
Lima beans;Frozen;2.834837939;1.097;0.3748;0.403215155;legume;2023;2;0
Mangoes;Dried;10.10968525;1.0;0.1253;1.266365955;fruit;2023;4;1
Lettuce, iceberg;Fresh;1.478386411;0.95;0.2425;0.377390794;legume;2023;0;0
Lettuce, romaine, heads;Fresh;2.43850297;0.94;0.2094;0.543317008;legume;2023;0;0
Mixed vegetables, peas and carrots;Canned;1.613335486;0.65;0.3392;0.841845185;legume;2023;1;0
Mixed vegetables, peas and carrots;Frozen;2.058864926;0.99;0.3392;0.705364443;legume;2023;2;0
Mangoes;Fresh;1.458675758;0.71;0.3638;0.747340675;fruit;2023;0;1
Lima beans;Dried;2.654307766;2.5397;0.3858;0.968493669;legume;2023;4;0
Mustard greens;Canned;1.414656693;0.65;0.3307;0.719719419;legume;2023;1;0
Mustard greens;Frozen;2.920188174;0.7478;0.3307;1.291356799;legume;2023;2;0
Mixed vegetables, broccoli, cauliflower, and carrots;Frozen;2.374324338;0.97;0.3105;0.760053601;legume;2023;2;0
Mixed vegetables, carrots, peas, corn, and green beans;Frozen;1.919265369;0.97;0.334;0.660927187;legume;2023;2;0
Navy beans;Canned;1.234459073;0.65;0.3858;0.732715953;legume;2023;1;0
Navy beans;Dried;1.705845988;2.4692;0.3858;0.266538436;legume;2023;4;0
Mushrooms, sliced;Fresh;4.006266272;1.0;0.1543;0.618261368;legume;2023;0;0
Mushrooms, whole;Fresh;4.154521771;0.97;0.1543;0.660969781;legume;2023;0;0
Nectarines;Fresh;2.475306142;0.91;0.3197;0.869540448;fruit;2023;0;1
Okra;Fresh;5.680314126;0.7695;0.3527;2.603951096;legume;2023;0;0
Okra;Frozen;2.652850328;0.8995;0.3748;1.105354303;legume;2023;2;0
Fruit cocktail, in juice;Canned;2.650530966;1.0;0.5401;1.431638029;fruit;2023;1;1
Fruit cocktail, in syrup or water;Canned;2.312737347;0.65;0.4409;1.568834792;fruit;2023;1;1
Grapefruit;Fresh;1.395775718;0.49;0.463;1.31878231;fruit;2023;0;1
Grapefruit, ready to drink;Juice;1.21936719;1.0;0.5;0.609683595;fruit;2023;3;1
Grapes;Fresh;2.248436594;0.96;0.3307;0.77452409;fruit;2023;0;1
Great northern beans;Dried;1.872836969;2.4692;0.3858;0.292630776;legume;2023;4;0
Green beans;Canned;1.182933022;0.65;0.2976;0.54164511;legume;2023;1;0
Grapes (raisins);Dried;4.328343983;1.0;0.1653;0.715677379;fruit;2023;4;1
Grapes, frozen concentrate;Juice;3.295747122;4.0;0.5;0.41196839;fruit;2023;3;1
Grapes, ready to drink;Juice;1.153972604;1.0;0.5;0.576986302;fruit;2023;3;1
Green peppers;Fresh;1.503334589;0.82;0.2646;0.485017382;legume;2023;0;0
Green beans;Fresh;2.659189993;0.8466;0.2756;0.865621743;legume;2023;0;0
Green beans;Frozen;2.173343764;0.903;0.2976;0.716312032;legume;2023;2;0
Great northern beans;Canned;1.167251314;0.65;0.3858;0.692824637;legume;2023;1;0
Oranges, frozen concentrate;Juice;3.401422791;4.0;0.5;0.425177849;fruit;2023;3;1
Olives;Canned;5.989003318;1.0;0.2976;1.782471447;legume;2023;1;0
Onions;Fresh;1.062206305;0.9;0.3527;0.416313609;legume;2023;0;0
Papaya;Dried;8.174637154;1.0;0.1543;1.2615393;fruit;2023;4;1
Papaya;Fresh;1.305512939;0.62;0.3086;0.649907855;fruit;2023;0;1
Watermelon;Fresh;0.405825415;0.52;0.3307;0.258084199;fruit;2023;0;1
Zucchini;Fresh;1.639076186;0.7695;0.3968;0.845273553;legume;2023;0;0
Oranges;Fresh;1.439704016;0.68;0.4079;0.863515806;fruit;2023;0;1
Peaches;Fresh;2.457099438;0.96;0.3417;0.874616079;fruit;2023;0;1
Peaches;Frozen;3.759783663;1.0;0.3307;1.243335617;fruit;2023;2;1
Peaches, in juice;Canned;2.486758071;1.0;0.5401;1.343178959;fruit;2023;1;1
Peaches, in syrup or water;Canned;2.211851186;0.65;0.4409;1.500399127;fruit;2023;1;1
Oranges, ready to drink;Juice;1.154882364;1.0;0.5;0.577441182;fruit;2023;3;1
Pears;Fresh;1.916739424;0.9;0.3638;0.774709301;fruit;2023;0;1
Pears, in juice;Canned;2.329038064;1.0;0.5401;1.25798925;fruit;2023;1;1
Pears, in syrup or water;Canned;2.316963272;0.65;0.4409;1.571701429;fruit;2023;1;1
Collard greens;Canned;1.416270591;0.65;0.3638;0.792594554;legume;2023;1;0
Collard greens;Fresh;2.483338628;1.16;0.2866;0.613558;legume;2023;0;0
Celery, trimmed bunches;Fresh;1.327844847;0.73;0.2646;0.48121591;legume;2023;0;0
Collard greens;Frozen;2.723966393;0.8818;0.3638;1.123636137;legume;2023;2;0
Corn;Canned;1.218782103;0.65;0.3638;0.68207309;legume;2023;1;0
Clementines;Fresh;1.58557324;0.77;0.463;0.9533429;fruit;2023;0;1
Cucumbers with peel;Fresh;1.092848382;0.97;0.2646;0.298059992;legume;2023;0;0
Corn;Fresh;2.102763641;0.54;0.3638;1.416494534;legume;2023;0;0
Corn;Frozen;1.825089043;0.963;0.3638;0.689422372;legume;2023;2;0
Cucumbers without peel;Fresh;1.092848382;0.73;0.2646;0.396052318;legume;2023;0;0
Dates;Dried;5.88786111;1.0;0.1653;0.973538385;fruit;2023;4;1
Figs;Dried;8.049055012;0.96;0.1653;1.386338185;fruit;2023;4;1
Cranberries;Dried;5.263878609;1.0;0.1232;0.648316528;fruit;2023;4;1
Pineapple;Dried;7.947966878;1.0;0.1543;1.22655873;fruit;2023;4;1
Pineapple;Fresh;0.668427034;0.51;0.3638;0.47676244;fruit;2023;0;1
Strawberries;Frozen;3.46750705;1.0;0.3307;1.146681673;fruit;2023;2;1
Sweet potatoes;Fresh;1.164626523;0.8818;0.4409;0.582313262;legume;2023;0;0
Spinach;Frozen;2.468972167;0.776;0.3748;1.192401331;legume;2023;2;0
Spinach, boiled;Fresh;4.500420718;0.77;0.3307;1.932804413;legume;2023;0;0
Spinach, eaten raw;Fresh;4.500420718;1.0;0.1543;0.694521053;legume;2023;0;0
Tomatoes;Canned;1.208159726;1.0;0.5401;0.652566384;legume;2023;1;0
Tomatoes, roma and plum;Fresh;1.235007071;0.91;0.3748;0.508640846;legume;2023;0;0
Tomatoes, grape and cherry;Fresh;4.155557011;0.91;0.3748;1.711476867;legume;2023;0;0
Tomatoes, large round;Fresh;2.142409751;0.91;0.3748;0.882356978;legume;2023;0;0
Strawberries;Fresh;3.078734363;0.94;0.3197;1.046999868;fruit;2023;0;1
Turnip greens;Canned;1.397443153;0.65;0.3527;0.758359332;legume;2023;1;0
Turnip greens;Fresh;2.972110955;0.75;0.3197;1.266794055;legume;2023;0;0
Turnip greens;Frozen;2.919789615;0.776;0.3527;1.327177098;legume;2023;2;0
Cabbage, green;Fresh;0.826627116;0.7788;0.3307;0.351003021;legume;2023;0;0
Cabbage, red;Fresh;1.260671568;0.7791;0.3307;0.535094606;legume;2023;0;0
Cabbage, sauerkraut;Canned;1.630119528;0.65;0.3086;0.774048884;legume;2023;1;0
Brussels sprouts;Fresh;3.039541765;1.06;0.3417;0.979869427;legume;2023;0;0
Brussels sprouts;Frozen;2.885028256;0.96;0.3417;1.026939351;legume;2023;2;0
Cantaloupe;Fresh;0.791924175;0.51;0.3748;0.58196465;fruit;2023;0;1
Carrots;Canned;1.320606207;0.65;0.3197;0.649474702;legume;2023;1;0
Carrots;Frozen;2.037831594;0.98;0.3197;0.664728772;legume;2023;2;0
Celery sticks;Fresh;2.650279098;1.0;0.2646;0.701143831;legume;2023;0;0
Carrots, baby;Fresh;1.463044321;1.0;0.2756;0.403182576;legume;2023;0;0
Carrots, cooked whole;Fresh;1.00554135;0.8158;0.3197;0.394004108;legume;2023;0;0
Carrots, raw whole;Fresh;1.00554135;0.89;0.2756;0.311353821;legume;2023;0;0
Cherries;Fresh;3.659903242;0.92;0.3417;1.359401467;fruit;2023;0;1
Cherries, in syrup or water;Canned;6.308314259;0.65;0.4409;4.279216099;fruit;2023;1;1
Cauliflower;Frozen;2.719124778;0.9304;0.2756;0.805427956;legume;2023;2;0
Cauliflower florets;Fresh;3.971328618;0.9702;0.2756;1.127980976;legume;2023;0;0
Cauliflower heads;Fresh;2.124437278;0.8926;0.2756;0.655876448;legume;2023;0;0
Pumpkin;Canned;2.080888289;1.0;0.5401;1.123955482;legume;2023;1;0
Pomegranate, ready to drink;Juice;3.187428646;1.0;0.5;1.593714323;fruit;2023;3;1
Potatoes;Canned;1.103743481;0.65;0.3417;0.580257486;legume;2023;1;0
Potatoes;Fresh;0.921544199;0.8113;0.2646;0.300503543;legume;2023;0;0
Radish;Fresh;1.850976729;0.9;0.2756;0.566764607;legume;2023;0;0
Raspberries;Fresh;7.966754529;0.96;0.3197;2.652848596;fruit;2023;0;1
Raspberries;Frozen;6.209611042;1.0;0.3307;2.053477346;fruit;2023;2;1
Potatoes, french fries;Frozen;2.520906337;0.776;0.3417;1.110058188;legume;2023;2;0
Pineapple, in syrup or water;Canned;1.82757447;0.65;0.4409;1.239726776;fruit;2023;1;1
Red peppers;Fresh;1.705233347;0.82;0.2646;0.550155514;legume;2023;0;0
Spinach;Canned;1.670872006;0.65;0.3748;0.96341412;legume;2023;1;0
Pinto beans;Canned;1.2121028;0.65;0.3858;0.719446337;legume;2023;1;0
Pinto beans;Dried;1.502439243;2.4692;0.3858;0.234756132;legume;2023;4;0
Pineapple, frozen concentrate;Juice;3.039046885;4.0;0.5;0.379880861;fruit;2023;3;1
Pineapple, in juice;Canned;1.721465817;1.0;0.5401;0.929819708;fruit;2023;1;1
Bananas;Fresh;0.609594742;0.64;0.3307;0.31498274;fruit;2023;0;1
Artichoke;Fresh;2.506855868;0.375;0.3858;2.080460852;legume;2023;0;0
Asparagus;Canned;3.676296303;0.65;0.3968;2.244418891;legume;2023;1;0
Artichoke;Canned;3.505101483;0.65;0.3858;2.579113206;legume;2023;1;0
Asparagus;Fresh;3.212453364;0.4938;0.3968;2.581435739;legume;2023;0;0
Apricots, in syrup or water;Canned;2.556248226;0.65;0.4409;1.734019282;fruit;2023;1;1
Asparagus;Frozen;6.780904794;1.0335;0.3968;2.603589725;legume;2023;2;0
Apricots, in juice;Canned;2.107757083;1.0;0.5401;1.138468192;fruit;2023;1;1
